id,title,decision_llm,audit_reason_llm,decision_no_llm,audit_reason_no_llm
https://openalex.org/W3089888409,KLASIFIKASI CITRA DIGITAL BUMBU DAN REMPAH DENGAN ALGORITMA CONVOLUTIONAL NEURAL NETWORK (CNN),REJECTED,"The title is in Indonesian, while the abstract is in English, failing the language consistency check.",APPROVED,FastText passed English detection. | Passed vector verification (similarity: 0.5587 >= 0.50)
https://openalex.org/W2619507781,"ANALISA PERBANDINGAN METODE FILTER GAUSSIAN, MEAN DAN MEDIAN TERHADAP REDUKSI NOISE",REJECTED,"The title is in Indonesian, failing the language check, but the abstract accurately reflects the title's content regarding noise reduction methods.",APPROVED,FastText passed English detection. | Passed vector verification (similarity: 0.5298 >= 0.50)
https://openalex.org/W3197728515,Literature Study of Convolutional Neural Network Algorithm for Batik Classification,REJECTED,"The text is written in Indonesian, not English, although the title and abstract are semantically consistent.",APPROVED,FastText passed English detection. | Passed vector verification (similarity: 0.7597 >= 0.50)
https://openalex.org/W4285341955,Eksperimen Penerapan Sistem Traffic Counting dengan Algoritma YOLO (You Only Look Once) V.4.,REJECTED,"The title contains significant Indonesian words ('Eksperimen', 'Penerapan', 'dengan'), failing the English language check. However, the abstract is in English and semantically aligns with the title regarding YOLO V.4 traffic counting experiments.",APPROVED,FastText passed English detection. | Passed vector verification (similarity: 0.5238 >= 0.50)
https://openalex.org/W4236491321,Learnart : Drawing Environment using Convolutional Neural Networks,REJECTED,"The title refers to a drawing environment using Convolutional Neural Networks, while the abstract discusses simulating human consciousness, emotions, and weak AI, which are unrelated topics.",APPROVED,FastText passed English detection. | Passed vector verification (similarity: 0.6010 >= 0.50)
https://openalex.org/W4294930474,GLCM Based Locally Feature Extraction On Natural Image,REJECTED,"The text is written in Indonesian (e.g., 'value will be sought', 'basis for finding'), not English, although the title and abstract are semantically consistent.",APPROVED,FastText passed English detection. | Passed vector verification (similarity: 0.5864 >= 0.50)
https://openalex.org/W4241950092,ALGORITMA BACK PROPAGATION NEURAL NETWORK UNTUK PENGENALAN POLA KARAKTER HURUF JAWA,REJECTED,"The title contains significant non-English words ('ALGORITMA', 'BACK PROPAGATION', 'NEURAL NETWORK', 'UNTUK', 'PENGENALAN', 'POLA', 'KARAKTER', 'HURUF', 'JAWA'), making the primary language not English, although the abstract is written in English and semantically matches the title.",APPROVED,FastText passed English detection. | Passed vector verification (similarity: 0.6724 >= 0.50)
https://openalex.org/W3111765126,INDENTIFIKASI POLA AKSARA ARAB MELAYU DENGAN JARINGAN SYARAF TIRUAN CONVOLUTIONAL NEURAL NETWORK (CNN),REJECTED,"The title and abstract are written in Indonesian, not English. However, the abstract semantically matches the title by describing the identification of Malay Arabic script patterns using a Convolutional Neural Network (CNN).",APPROVED,FastText passed English detection. | Passed vector verification (similarity: 0.6123 >= 0.50)
https://openalex.org/W3016324002,"Identification of Madura Tobacco Leaf Disease Using Gray- Level Co-Occurrence Matrix, Color Moments and Naïve Bayes",REJECTED,"The title is in English, but the abstract is written in Indonesian, failing the language check. However, the abstract's content directly addresses the title's subject matter regarding tobacco disease identification methods.",APPROVED,FastText passed English detection. | Passed vector verification (similarity: 0.7349 >= 0.50)
https://openalex.org/W2970592407,RANCANG BANGUN SISTEM PENGENALAN WAJAH DENGAN METODE PRINCIPAL COMPONENT ANALYSIS,REJECTED,"The title contains significant Indonesian words ('RANCANG BANGUN', 'SISTEM', 'PENGENALAN', 'WAJAH') and is not primarily in English, although the abstract is in English and semantically matches the title.",APPROVED,FastText passed English detection. | Passed vector verification (similarity: 0.5001 >= 0.50)
https://openalex.org/W3013739823,PREDIKSI HARGA EMAS MENGGUNAKAN FEED FORWARD NEURAL NETWORK DENGAN METODE EXTREME LEARNING MACHINE,REJECTED,"The title is in Indonesian, while the abstract is in English, failing the language consistency check. However, the abstract content accurately reflects the title's subject matter regarding gold price prediction using specific neural network methods.",APPROVED,FastText passed English detection. | Passed vector verification (similarity: 0.6034 >= 0.50)
https://openalex.org/W3114781889,Fruit Maturity Classification Using Convolutional Neural Networks Method,REJECTED,"The abstract contains significant non-English words (e.g., 'textual', 'again', 'level') and grammatical errors typical of non-native writing, failing the strict English language check. However, the abstract semantically matches the title by describing a study on fruit maturity classification using CNNs.",APPROVED,FastText passed English detection. | Passed vector verification (similarity: 0.7348 >= 0.50)
https://openalex.org/W3128522786,Evaluation comparison of wave amount measurement results in brass-plated tire steel cord using RMSE and cosine similarity,REJECTED,"LLM json parse error: Expecting ',' delimiter: line 4 column 67 (char 114)",APPROVED,FastText passed English detection. | Passed vector verification (similarity: 0.7748 >= 0.50)
https://openalex.org/W3107581215,Generation of Rectangular Matrix Key for Hill Cipher Algorithm Using Playfair Cipher,REJECTED,"The text is written in Indonesian (e.g., 'In this study', 'Beside the key matrix security' are mixed with Indonesian grammar and vocabulary like 'menggunakan', 'dibuat', 'mudah'), failing the language check. However, the abstract semantically matches the title as it discusses generating a rectangular matrix key for the Hill Cipher using the Playfair algorithm.",APPROVED,FastText passed English detection. | Passed vector verification (similarity: 0.8604 >= 0.50)
https://openalex.org/W2966760810,ANALISIS DIGITAL FORENSIK REKAYASA IMAGE MENGGUNAKAN JPEGSNOOP DAN FORENSICALLY BETA,REJECTED,"The title contains significant Indonesian words ('ANALISIS', 'REKAYASA', 'MENGGUNAKAN') making the primary language not English, although the abstract is written in English. The abstract content semantically matches the title regarding digital image forensics.",APPROVED,FastText passed English detection. | Passed vector verification (similarity: 0.6121 >= 0.50)
https://openalex.org/W3088726308,Comparison of image edge detection methods on potholes road images,REJECTED,"The abstract contains significant Indonesian text (e.g., 'Dinas pekerjaan Umum'), failing the language check, but the semantic content of the abstract aligns perfectly with the title regarding pothole edge detection methods.",APPROVED,FastText passed English detection. | Passed vector verification (similarity: 0.7379 >= 0.50)
https://openalex.org/W4393271772,PENGOLAHAN FOTO UDARA UAV (UNMANNED AERIAL VEHICLE) MENGGUNAKAN SOFTWARE AGISOFT METASHAPE,REJECTED,"The title is in Indonesian, failing the language check, but the abstract accurately reflects the title's content regarding UAV photo processing with Agisoft Metashape.",APPROVED,FastText passed English detection. | Passed vector verification (similarity: 0.6689 >= 0.50)
https://openalex.org/W4233547080,OPTIMASI CONJUGATE GRADIENT PADA BACKPROPAGATION NEURAL NETWORK UNTUK PREDIKSI HASIL TANGKAP IKAN,REJECTED,"The title is in Indonesian, failing the language check. However, the abstract accurately describes the research methodology and results mentioned in the title, so they are semantically matching.",APPROVED,FastText passed English detection. | Passed vector verification (similarity: 0.6012 >= 0.50)
https://openalex.org/W2910347393,Feature Extraction Shape Kawi Numbers and Java Images Using The Zernike Moment,REJECTED,"The text contains significant non-English words (e.g., 'Kawi', 'Javanese', 'Jawa') and grammatical structures typical of Indonesian, failing the English language check. However, the abstract semantically aligns with the title regarding Zernike Moment feature extraction for Kawi and Java numbers.",APPROVED,FastText passed English detection. | Passed vector verification (similarity: 0.8522 >= 0.50)
https://openalex.org/W4312046946,Application of Hough Transformation Method for Value Analysis Rupiah Coins,REJECTED,"The abstract is written in Indonesian, not English, although the semantic content of the title and abstract matches perfectly.",APPROVED,FastText passed English detection. | Passed vector verification (similarity: 0.7956 >= 0.50)
https://openalex.org/W2970840028,SISTEM SECURITY WEBCAM DENGAN MENGGUNAKAN MICROSOFT VISUAL BASIC (6.0),REJECTED,"The title is in Indonesian, failing the language check, but the abstract semantically matches the title by discussing webcam security systems.",APPROVED,FastText passed English detection. | Passed vector verification (similarity: 0.5849 >= 0.50)
https://openalex.org/W2988121089,"Face recognition system using Viola Jones, histograms of oriented gradients and multi-class support vector machine",REJECTED,"The abstract is written in Indonesian, failing the language check, although the technical content of the abstract aligns well with the title.",APPROVED,FastText passed English detection. | Passed vector verification (similarity: 0.6150 >= 0.50)
https://openalex.org/W2916047429,MODEL PREDIKSI CURAH HUJAN HARIAN MENGGUNAKAN JARINGAN SYARAF TIRUAN BACKPROPAGATION,REJECTED,"The title is in Indonesian ('MODEL PREDIKSI CURAH HUJAN...'), while the abstract is in English, failing the language consistency check.",APPROVED,FastText passed English detection. | Passed vector verification (similarity: 0.5526 >= 0.50)
https://openalex.org/W2592251570,KRIPTOGRAFI FILE CITRA MENGGUNAKAN ALGORITMA TEA (TINY ENCRYPTION ALGORITHM),REJECTED,"The title is in Indonesian ('KRIPTOGRAFI FILE CITRA...'), while the abstract is in English, failing the language consistency check. However, the abstract's content accurately reflects the title's subject matter regarding image encryption using the TEA algorithm.",APPROVED,FastText passed English detection. | Passed vector verification (similarity: 0.5548 >= 0.50)
https://openalex.org/W2944299116,Texture Features Extraction of Human Leather Ports Based on Histogram,REJECTED,"The title refers to 'Human Leather Ports' (likely a mistranslation of skin pores), while the abstract discusses 'skin problems' and 'skin type' (dry, moist, oily). The semantic content does not match because the title incorrectly identifies the subject as leather rather than human skin.",APPROVED,FastText passed English detection. | Passed vector verification (similarity: 0.5367 >= 0.50)
https://openalex.org/W3048418074,PENENTUAN PARAMETER LEARNING RATE SELAMA PEMBELAJARAN JARINGAN SYARAF TIRUAN BACKPROPAGATION MENGGUNAKAN ALGORITMA GENETIKA,REJECTED,"The title is in Indonesian, while the abstract is in English, failing the language consistency check. However, the abstract's content accurately reflects the title's subject matter regarding learning rate determination using genetic algorithms for backpropagation neural networks.",APPROVED,FastText passed English detection. | Passed vector verification (similarity: 0.6007 >= 0.50)
https://openalex.org/W4221125545,Face Recognition Using Histogram of Oriented Gradients with TensorFlow in Surveillance Camera on Raspberry Pi,REJECTED,"The text is written in English, but the abstract contains significant grammatical errors and non-native phrasing (e.g., 'the requiring party', 'it will be taken the extraction value'), indicating it is not primarily English in a standard academic sense. However, the semantic content of the abstract perfectly matches the title regarding face recognition, HOG, TensorFlow, and Raspberry Pi implementation.",APPROVED,FastText passed English detection. | Passed vector verification (similarity: 0.7605 >= 0.50)
https://openalex.org/W4376478324,KLASIFIKASI TINGKAT KEMATANGAN BUAH PEPAYA CALIFORNIA DALAM RUANG WARNA HSV (HUE SATURATION VALUE) DENGAN ALGORITMA K-NEAREST NEIGHBORS,REJECTED,"The title contains significant Indonesian words ('KLASIFIKASI', 'TINGKAT', 'KEMATANGAN', 'BUAH', 'PEPAYA', 'DALAM', 'RUANG', 'WARNA', 'DENGAN') and the abstract is written in Indonesian, failing the language check. However, the abstract accurately describes the title's subject matter regarding papaya ripeness classification using HSV colors and K-NN algorithms, so the semantic match is true.",APPROVED,FastText passed English detection. | Passed vector verification (similarity: 0.5164 >= 0.50)
https://openalex.org/W3108992338,Backpropagation Neural Network for Book Classification Using the Image Cover,REJECTED,"The abstract contains the phrase 'classify books in Bahasa (Bahasa Indonesia)', indicating the primary language of the content is Indonesian, not English. However, the abstract semantically matches the title as it describes the exact methodology and goal mentioned in the title.",APPROVED,FastText passed English detection. | Passed vector verification (similarity: 0.7222 >= 0.50)
https://openalex.org/W3187012089,Lecturer Attendance System using Face Recognition Application an Android-Based,REJECTED,"The text contains significant non-English phrasing (e.g., 'Related to this, causing the author is to try to research'), indicating it is not primarily English, although the title and abstract are semantically consistent.",APPROVED,FastText passed English detection. | Passed vector verification (similarity: 0.6632 >= 0.50)
https://openalex.org/W3043834358,Feature extraction in batik image geometric motif using canny edge detection,REJECTED,The abstract contains only a citation fragment and does not provide semantic content to match the title.,APPROVED,FastText passed English detection. | Passed vector verification (similarity: 0.7164 >= 0.50)
https://openalex.org/W3046888033,KOMPARASI ALGORITMA DENOISING DAN BINARIZATION DENGAN ADAPTIVE THRESHOLDING DAN MORFOLOGI UNTUK MENIGKATKAN KUALITAS KETERBACAAN CITRA NASKAH LONTAR (TAKEPAN) SASAK,REJECTED,"The title is in Indonesian, failing the language check. However, the abstract semantically matches the title by discussing the comparison of denoising and binarization algorithms for Sasak Lontar manuscripts.",APPROVED,FastText passed English detection. | Passed vector verification (similarity: 0.6508 >= 0.50)
https://openalex.org/W4200600738,Classification of Bird Based on Face Types Using Gray Level Co-Occurrence Matrix (GLCM) Feature Extraction Based on the k-Nearest Neighbor (K-NN) Algorithm,REJECTED,"The abstract is written in Indonesian, failing the language check, but the content semantically matches the title regarding bird classification using GLCM and K-NN.",APPROVED,FastText passed English detection. | Passed vector verification (similarity: 0.7556 >= 0.50)
https://openalex.org/W4286945951,Penerapan Metode Convolution Neural Network (CNN) Pada Aplikasi Automatic Lip Reading,REJECTED,"The title contains Indonesian words ('Penerapan', 'Pada', 'Aplikasi'), making the primary language not English. However, the abstract is a coherent summary of the paper's content regarding CNN and lip reading, matching the title semantically.",APPROVED,FastText passed English detection. | Passed vector verification (similarity: 0.6466 >= 0.50)
https://openalex.org/W3176590655,The implementation of k-means algorithm to determine the quality of teak wood in image based on the texture,REJECTED,"The title is in English, but the abstract is written in Indonesian, failing the language check. However, the abstract's content directly addresses the title's subject matter regarding the K-means algorithm for teak wood quality assessment, so they are semantically matching.",APPROVED,FastText passed English detection. | Passed vector verification (similarity: 0.8928 >= 0.50)
https://openalex.org/W4400617836,Arabic Character Recognition Using CNN LeNet-5,REJECTED,"The title and abstract are semantically consistent, discussing Arabic character recognition using LeNet-5, but the text is written in Indonesian, not English.",APPROVED,FastText passed English detection. | Passed vector verification (similarity: 0.7095 >= 0.50)
https://openalex.org/W2962583471,PENGGUNAAN MODEL HIDDEN MARKOV DAN METODE NEURAL NETWORK SEBAGAI PENERAPAN TEKNOLOGI PENGENALAN WAJAH,REJECTED,"The title is in Indonesian, failing the language check, but the abstract accurately describes the face recognition methods mentioned in the title, satisfying the matching check.",APPROVED,FastText passed English detection. | Passed vector verification (similarity: 0.5335 >= 0.50)
https://openalex.org/W4393288176,MEMBANDINGAN METODE JARINGAN SYARAF TIRUAN BACKPROPAGATION DAN LEARNING VECTOR QUANTIZATION DENGAN OPENCV PADA PENGENALAN WAJAH,REJECTED,"The title is in Indonesian, failing the language check, but the abstract accurately describes the methods and goals mentioned in the title, satisfying the matching check.",APPROVED,FastText passed English detection. | Passed vector verification (similarity: 0.5480 >= 0.50)
https://openalex.org/W2337577938,PENERAPAN ALGORITMA K-MEANS PADA KOMPRESI ADAPTIF CITRA MEDIS MRI,REJECTED,"The title is in Indonesian, failing the language check. However, the abstract accurately describes the K-means algorithm application for MRI image compression mentioned in the title, so the semantic content matches.",APPROVED,FastText passed English detection. | Passed vector verification (similarity: 0.5885 >= 0.50)
https://openalex.org/W3114936669,"Classification of flower images using SVM method through the colour, texture and shape using Histogram, Haar Wavelet and Robert Cross methods",REJECTED,"The abstract contains significant portions of Indonesian text (e.g., 'flowers that grow in Indonesia', 'form of a flower and a bunch'), failing the language check, although the semantic content of the abstract aligns with the title.",APPROVED,FastText passed English detection. | Passed vector verification (similarity: 0.8954 >= 0.50)
https://openalex.org/W2975169415,PERFORMANCE OF THE LM 386 SOUND SENSOR IN DETECTING FRUIT MATURITY BASED ON SOUND FREQUENCY,REJECTED,"The text contains English keywords but the abstract is written in Indonesian (e.g., 'In this study a test... was carried out', 'watermelon traders', 'ready to be sold'), failing the language check. The semantic content of the title and abstract matches perfectly.",APPROVED,FastText passed English detection. | Passed vector verification (similarity: 0.6710 >= 0.50)
https://openalex.org/W3083107585,Image Classification with Shell Texture Feature Extraction Using Local Binary Pattern (LBP) Method,REJECTED,"The abstract contains significant non-English words (e.g., 'shellfish', 'cockles', 'feather shell') and grammatical structures inconsistent with standard English, failing the language check. However, the semantic content of the abstract directly supports the title regarding shell image classification using LBP.",APPROVED,FastText passed English detection. | Passed vector verification (similarity: 0.7600 >= 0.50)
https://openalex.org/W2905929642,IDENTIFIKASI SUARA MENGGUNAKAN METODE MEL FREQUENCY CEPSTRUM COEFFICIENTS (MFCC) DAN JARINGAN SYARAF TIRUAN BACKPROPAGATION,REJECTED,"The title contains significant Indonesian words ('IDENTIFIKASI', 'MENGGUNAKAN', 'DAN', 'JARINGAN', 'TIRUAN') and is not primarily in English, although the abstract is written in English and semantically matches the title.",APPROVED,FastText passed English detection. | Passed vector verification (similarity: 0.6123 >= 0.50)
https://openalex.org/W3005420652,ANALISIS INFORMASI CITRA ANATOMI MSCT THORAX DENGAN KASUS EFUSI PLEURA KANKER PARU PADA WINDOW MEDIASTINUM POST KONTRAS MENGGUNAKAN VARIASI NILAI WINDOW WIDTH,REJECTED,"The title contains significant Indonesian words (e.g., 'ANALISIS', 'CITRA', 'KANKER', 'PARU', 'MENGGUNAKAN', 'NILAI'), making the text not primarily English, although the abstract is written in English and semantically matches the title.",APPROVED,FastText passed English detection. | Passed vector verification (similarity: 0.6026 >= 0.50)
https://openalex.org/W4312402929,PENINGKATAN KUALITAS KARYAWAN GUNA MENINGKATKAN KEPUASAN PELANGGAN BINATU SEMARANG LAUNDRY &amp; DRY CLEANER,REJECTED,"The title is in Indonesian, failing the language check. However, the abstract accurately reflects the title's topic regarding improving employee quality to increase customer satisfaction at Binatu Semarang Laundry, so the semantic match is true.",APPROVED,FastText passed English detection. | Passed vector verification (similarity: 0.5647 >= 0.50)
https://openalex.org/W4402068818,Peramalan Harga Emas Antam Menggunakan Metode Generalized Autoregressive Conditional Heterokedasticity (GARCH),REJECTED,"The title contains significant Indonesian words ('Peramalan', 'Harga', 'Emas', 'Antam', 'Menggunakan', 'Metode') and the abstract includes Indonesian currency notation ('Rp'), indicating the primary language is not English. However, the abstract semantically matches the title as it discusses forecasting ANTAM gold prices using the GARCH method.",APPROVED,FastText passed English detection. | Passed vector verification (similarity: 0.6540 >= 0.50)
https://openalex.org/W4402156882,Exploration of the Dempster-Shafer Theory for Diagnosing Hardware Damage: Comparative Study with the Certainty Factor Method,REJECTED,"The abstract concludes that the Certainty Factor method is more effective, which directly contradicts the title's implication of exploring the Dempster-Shafer theory (often associated with higher performance in such contexts) and the abstract's own data showing Dempster-Shafer has a significantly higher success rate (84.27% vs 14.51%). This logical inconsistency indicates a mismatch in semantic content.",APPROVED,FastText passed English detection. | Passed vector verification (similarity: 0.8301 >= 0.50)
https://openalex.org/W4405637570,Implementasi Pengukuran Object Oriented Metrics (Studi Kasus Aplikasi Movie DB),REJECTED,"The title is in Indonesian ('Implementasi Pengukuran...'), failing the language check, while the abstract is in English and semantically matches the title's subject matter.",APPROVED,FastText passed English detection. | Passed vector verification (similarity: 0.6539 >= 0.50)
https://openalex.org/W4409375821,ANALISIS KEAKURATAN HASIL TERJEMAHAN CHATGPT MENGGUNAKAN TEKNIK BACK TRANSLATION,REJECTED,"The title is in Indonesian, failing the language check, but the abstract semantically matches the title by discussing ChatGPT translation accuracy.",APPROVED,FastText passed English detection. | Passed vector verification (similarity: 0.5514 >= 0.50)
https://openalex.org/W2739747536,Penerapan Histogram Equalization pada Optical Character Recognition Preprocessing,REJECTED,"The title is in Indonesian, while the abstract is in English, failing the language consistency check. However, the abstract's content accurately reflects the title's subject matter regarding Histogram Equalization and OCR preprocessing.",APPROVED,FastText passed English detection. | Passed vector verification (similarity: 0.7521 >= 0.50)
https://openalex.org/W4249519716,Penerapan Algoritma Vertical Bit Rotation (VBR) Dalam Penyimpanan File Online,REJECTED,"The title is in Indonesian, failing the language check. However, the abstract accurately describes the VBR algorithm mentioned in the title, so they are semantically matching.",APPROVED,FastText passed English detection. | Passed vector verification (similarity: 0.5433 >= 0.50)
https://openalex.org/W2615681168,"FEATURE RECOGNITION BERBASIS CORNER DETECTION DENGAN METODE FAST, SURF DAN FLANN TREE UNTUK IDENTIFIKASI LOGO PADA AUGMENTED REALITY MOBILE SYSTEM",REJECTED,"The title contains significant non-English words ('BERBASIS', 'DENGAN', 'UNTUK', 'PADA', 'MOBILE', 'SYSTEM' context implies Indonesian structure), failing the language check. However, the abstract is in English and semantically matches the title's topic of logo recognition using specific feature detection methods.",APPROVED,FastText passed English detection. | Passed vector verification (similarity: 0.7172 >= 0.50)
https://openalex.org/W2791671943,ANALISIS REDUKSI DIMENSI PADA KLASIFIKASI MICROARRAY MENGGUNAKAN MBP POWELL BEALE,REJECTED,"The title is in Indonesian ('ANALISIS REDUKSI DIMENSI...'), while the abstract is in English, failing the language consistency check. However, the abstract's content regarding microarray dimension reduction and classification methods semantically matches the title.",APPROVED,FastText passed English detection. | Passed vector verification (similarity: 0.5554 >= 0.50)
https://openalex.org/W2905386910,CONTENT BASED IMAGE RETRIEVAL DENGAN METODE COLOR MOMENT DAN K-MEANS,REJECTED,"The title contains significant non-English words ('DENGAN', 'METODE', 'DAN'), making the primary language not English, though the abstract is in English and semantically matches the title.",APPROVED,FastText passed English detection. | Passed vector verification (similarity: 0.7273 >= 0.50)
https://openalex.org/W2920885834,PENGENALAN IRIS MATA MENGGUNAKAN METODE TEMPLATE MATCHING CORRELATION,REJECTED,"The title contains significant Indonesian words ('PENGENALAN', 'IRIS', 'MATA', 'MENGGUNAKAN') and the abstract is written in English, failing the language consistency check. However, the abstract content accurately describes the title's subject matter regarding iris recognition using template matching.",APPROVED,FastText passed English detection. | Passed vector verification (similarity: 0.6565 >= 0.50)
https://openalex.org/W2945746179,Image processing for snake indentification based on bite using Local Binary Pattern and Support Vector Machine method,REJECTED,"The text contains significant grammatical errors and non-standard phrasing (e.g., 'is a dangerous thing', 'if it is get wrong', 'would be result in death') that indicates it is not written in standard English, despite the title being in English. The abstract content, however, semantically matches the title regarding snake bite identification using image processing.",APPROVED,FastText passed English detection. | Passed vector verification (similarity: 0.7261 >= 0.50)
https://openalex.org/W2952873372,Optimization Neuro Fuzzy Using Genetic Algorithm For Diagnose Typhoid Fever,REJECTED,"The text is written in English, but the title contains non-English words ('Neuro Fuzzy', 'Genetic Algorithm', 'Diagnose', 'Typhoid Fever' are often used as loanwords, but the phrase 'For Diagnose' is grammatically incorrect in English; however, the primary issue is that the abstract itself is written in Indonesian, not English. The abstract contains Indonesian phrases like 'an disease', 'an optimization problem', 'an easy thing to do', 'an indication variables', 'an 80% accuracy value', 'an value of pc 0.5'. These are clear indicators of Indonesian grammar and vocabulary applied to English words, making the language non-English. The title and abstract are semantically matching as they both discuss the same study.",APPROVED,FastText passed English detection. | Passed vector verification (similarity: 0.8852 >= 0.50)
https://openalex.org/W2971802734,The Using of Thresholding and Region Merging Algorithm for Correcting the Multiple Choice Answer Sheets,REJECTED,"The text contains significant non-English words and grammatical errors (e.g., 'Citra', 'aplication', 'Webcam', 'gray degree', 'circles of agencies'), indicating it is not primarily written in English. However, the abstract semantically matches the title by discussing the use of thresholding and region merging algorithms for correcting multiple-choice answer sheets.",APPROVED,FastText passed English detection. | Passed vector verification (similarity: 0.5506 >= 0.50)
https://openalex.org/W4319429874,RANCANG BANGUN APLIKASI PENCARIAN SLOT PARKIR KOSONG UNTUK KENDARAAN RODA EMPAT DENGAN PENDEKATAN COMPUTER VISION,REJECTED,"The title contains significant Indonesian words ('RANCANG BANGUN', 'PENCARIAN', 'KOSONG', 'KENDARAAN', 'RODA', 'EMPAT') and the abstract is written in English, failing the language consistency check. However, the semantic content of the title and abstract is highly relevant and matches.",APPROVED,FastText passed English detection. | Passed vector verification (similarity: 0.5340 >= 0.50)
https://openalex.org/W2559987462,Arabic Text Encryption Using Artificial Neural Networks,REJECTED,"The title and abstract are written in Arabic, failing the language check, but they are semantically consistent as both describe an Arabic text encryption system using neural networks.",APPROVED,FastText passed English detection. | Passed vector verification (similarity: 0.8148 >= 0.50)
https://openalex.org/W2789387645,"COMPARISON OF BACKGROUND SUBTRACTION, SOBEL, ADAPTIVE MOTION DETECTION, FRAME DIFFERENCES, AND ACCUMULATIVE DIFFERENCES IMAGES ON MOTION DETECTION",REJECTED,"The text is written in Indonesian (e.g., 'Nowadays, digital image processing is not only used to recognize motionless objects...' contains Indonesian grammar and vocabulary like 'namely', 'terdapat', and sentence structures typical of Indonesian academic writing, despite some English loanwords). The title and abstract are semantically matching as they both discuss the same motion detection methods.",APPROVED,FastText passed English detection. | Passed vector verification (similarity: 0.7775 >= 0.50)
https://openalex.org/W2894796233,Performance analysis of steganography alphanumeric text in the text based on Indonesian linguistic,REJECTED,"The text is primarily written in Indonesian, failing the language check. However, the abstract semantically matches the title by discussing steganography and Indonesian linguistic patterns.",APPROVED,FastText passed English detection. | Passed vector verification (similarity: 0.7315 >= 0.50)
https://openalex.org/W2919735721,PENGENALAN POLA SUARA MANUSIA BEREKSTENSI FILE WAV MENGGUNAKAN METODE FAST FOURIER TRANSFORM DAN BAYES,REJECTED,"The title is in Indonesian, failing the language check, but the abstract content semantically matches the title's subject matter regarding human voice pattern recognition using FFT and Bayes methods.",APPROVED,FastText passed English detection. | Passed vector verification (similarity: 0.5423 >= 0.50)
https://openalex.org/W2974620797,ANALISIS TEKSTUR PADA CITRA IRIS MATA MENGGUNAKAN ALGORITMA GRAY LEVEL CO-OCCURENCY MATRIX,REJECTED,"The title contains significant Indonesian words ('ANALISIS', 'CITRA', 'IRIS', 'MENGGUNAKAN') and the abstract is written in broken English with Indonesian grammatical structures, failing the language check. However, the abstract content directly addresses the title's topic of iris texture analysis using GLCM.",APPROVED,FastText passed English detection. | Passed vector verification (similarity: 0.5001 >= 0.50)
https://openalex.org/W3029046103,Digitization of Batak Manuscripts Using Methods Learning Vector Quantization (LVQ),REJECTED,"The abstract is written in Indonesian, not English, although the title and abstract are semantically consistent.",APPROVED,FastText passed English detection. | Passed vector verification (similarity: 0.7153 >= 0.50)
https://openalex.org/W3116685390,Pengenalan Pola Lintasan Berbasis Neural Network Pada Prototype Self-Driving Car,REJECTED,"The title contains significant Indonesian words ('Pengenalan', 'Lintasan', 'Pada', 'Prototype') and is not primarily English, although the abstract is written in English and semantically matches the title.",APPROVED,FastText passed English detection. | Passed vector verification (similarity: 0.5967 >= 0.50)
https://openalex.org/W3129307349,"Analysis of Groundwater Quality in Dusun Salam and Randuacir, Argomulyo District",REJECTED,"The text is written in Indonesian (e.g., 'Dusun', 'hamlets', 'Government Regulation No. 82 of 2001 concerning Water Quality Management'), failing the language check. However, the abstract semantically matches the title as it details the groundwater quality analysis in the specified locations.",APPROVED,FastText passed English detection. | Passed vector verification (similarity: 0.7622 >= 0.50)
https://openalex.org/W4255423934,ANALISIS JENIS PENYAKIT PARU-PARU BERDASARKAN CHEST X-RAY MENGGUNAKAN METODE FUZZY C-MEANS,REJECTED,"The title is in Indonesian, failing the language check, but the abstract accurately describes the title's content regarding lung disease analysis using chest X-rays and Fuzzy C-Means.",APPROVED,FastText passed English detection. | Passed vector verification (similarity: 0.6060 >= 0.50)
https://openalex.org/W4313409811,Characteristic Estimator of Interval-Censored Binomial Data and Its Application,REJECTED,"The text is written in Indonesian (e.g., 'This study aims to determine' is a translation artifact, but phrases like 'The last is to determine' and the overall structure indicate non-native/Indonesian academic writing style common in Indonesian papers, though strictly speaking, the words are English. However, looking closer, the text is actually English with some awkward phrasing typical of non-native speakers, but the prompt asks if it is 'primarily English'. The text IS English. Let me re-evaluate. The text uses English vocabulary and grammar, despite being slightly awkward. It is not Indonesian script. Therefore, is_english should be true. Wait, let me re-read the criteria: 'Is the text written in English? Output false if it is in other languages.' The text is English. The previous thought about Indonesian was a hallucination based on the topic. The text is English. So is_english is true. The title and abstract match perfectly as the abstract explains the title's content. So is_matching is true.",APPROVED,FastText passed English detection. | Passed vector verification (similarity: 0.7427 >= 0.50)
https://openalex.org/W2035208456,Design The Cervical Cancer Detector Use The Artificial Neural Network,REJECTED,"The text contains significant grammatical errors and non-standard phrasing (e.g., 'contagious diseases', 'cancer cervics detector') indicating it is likely written in Indonesian or another language, not English. However, the abstract semantically matches the title by discussing the design of a cervical cancer detector using an artificial neural network.",APPROVED,FastText passed English detection. | Passed vector verification (similarity: 0.7448 >= 0.50)
https://openalex.org/W2896114759,Identification Of Number Using Artificial Neural Network Backpropagation,REJECTED,"The text is written in Indonesian (e.g., 'proposed to design', 'got from', 'consisting of' are grammatical errors typical of non-native speakers, and the context suggests an Indonesian academic context), but the title and abstract are semantically consistent regarding voice pattern recognition using neural networks.",APPROVED,FastText passed English detection. | Passed vector verification (similarity: 0.5957 >= 0.50)
https://openalex.org/W2896973207,Traffic noise control in SMAN 5 Surabaya,REJECTED,"The title and abstract are semantically consistent, discussing traffic noise control at SMAN 5 Surabaya, but the text is written in Indonesian, not English.",APPROVED,FastText passed English detection. | Passed vector verification (similarity: 0.7020 >= 0.50)
https://openalex.org/W2968227853,Image Similarity Searching Use Multi Part Cutting And Grayscale Color Histogram,REJECTED,"The text is written in Indonesian (e.g., 'so rapidly', 'inseparable from', 'necessity'), failing the language check, although the abstract semantically matches the title regarding image similarity searching.",APPROVED,FastText passed English detection. | Passed vector verification (similarity: 0.5961 >= 0.50)
https://openalex.org/W2990597368,Cryptography of Java Language Using Basa Walikan Methods in Yogyakarta,REJECTED,"The text is written in English, but the title contains non-English terms ('Basa Walikan', 'Yogyakarta') and the abstract is written in English, making the language check false for the entire document being primarily English. However, the semantic content of the title and abstract matches perfectly as both discuss the cryptography of the Java language using Basa Walikan methods.",APPROVED,FastText passed English detection. | Passed vector verification (similarity: 0.7068 >= 0.50)
https://openalex.org/W2996210828,Application Of Hill Cipher And LSB + 1 Methods For Messaging In Messages Inpicture,REJECTED,"The text contains significant grammatical errors and non-standard phrasing (e.g., 'messaging in messages', 'stegano data security applications that are equipped with cryptography') indicating it is likely written in a non-native language or is machine-translated, failing the primary English language check. However, the abstract semantically aligns with the title regarding Hill Cipher and LSB+1 methods for image security.",APPROVED,FastText passed English detection. | Passed vector verification (similarity: 0.5998 >= 0.50)
https://openalex.org/W3001438939,IDENTIFIKASI CITRA DAUN DENGAN MENGGUNAKAN METODE DEEP LEARNING CONVOLUTIONAL NEURAL NETWORK (CNN),REJECTED,"The title is in Indonesian, failing the language check, but the abstract accurately describes the CNN-based leaf image identification system mentioned in the title, satisfying the semantic matching check.",APPROVED,FastText passed English detection. | Passed vector verification (similarity: 0.5118 >= 0.50)
https://openalex.org/W3090997438,Image Captioning menurut Scientific Revolution Kuhn dan Popper,REJECTED,"The title contains significant non-English words ('menurut', 'dan') indicating it is not primarily English, while the abstract is in English. However, the abstract's content directly addresses the title's subject matter (Image Captioning and the philosophies of Kuhn and Popper), so they are semantically matching.",APPROVED,FastText passed English detection. | Passed vector verification (similarity: 0.6002 >= 0.50)
https://openalex.org/W3092841811,IMPLEMENTASI ALGORITMA RIJNDAEL PADA DOKUMEN ELEKTRONIK UNTUK KEAMANAN INFORMASI.,REJECTED,"The title is in Indonesian, failing the language check. However, the abstract discusses the implementation of the Rijndael algorithm for information security, which semantically matches the title.",APPROVED,FastText passed English detection. | Passed vector verification (similarity: 0.5045 >= 0.50)
https://openalex.org/W3111417977,ANALISIS FAKTOR PENYEBAB REPEAT EXPOSURE CITRA DIGITAL DENGAN MENGGUNAKAN COMPUTED RADIOGRAPHY (CR),REJECTED,"The title contains significant Indonesian words ('ANALISIS', 'FAKTOR', 'PENYEBAB', 'DIGITAL', 'MENGGUNAKAN') and is not primarily in English, although the abstract is written in English and semantically matches the title.",APPROVED,FastText passed English detection. | Passed vector verification (similarity: 0.6493 >= 0.50)
https://openalex.org/W3163259854,Determination of Missing Digit on the Year Number of Prasasti Sirah Keting,REJECTED,"The text is written in Indonesian, not English, but the abstract semantically matches the title by discussing the determination of the missing digit in the year number of the Sirah Keting inscription.",APPROVED,FastText passed English detection. | Passed vector verification (similarity: 0.6669 >= 0.50)
https://openalex.org/W3165493215,Japanese Hiragana Handwriting Pattern Recognition Using Template Matching Correlation Method,REJECTED,"The title and abstract are semantically consistent, discussing Japanese Hiragana recognition, but the text is written in Japanese, not English.",APPROVED,FastText passed English detection. | Passed vector verification (similarity: 0.6914 >= 0.50)
https://openalex.org/W4281678550,Seven Segment Display Circuit Simulation using Electronics Workbench,REJECTED,"The abstract contains significant non-English text (e.g., 'in Indonesian it is called a seven segment display', 'This journal will explain', 'This simulation is done'), making the language not primarily English, although the title and abstract are semantically consistent.",APPROVED,FastText passed English detection. | Passed vector verification (similarity: 0.7481 >= 0.50)
https://openalex.org/W4313480382,Design of Someone's Character Identification Based on Handwriting Patterns Using Support Vector Machine,REJECTED,"The abstract is written in Indonesian, not English, although the title and abstract are semantically consistent.",APPROVED,FastText passed English detection. | Passed vector verification (similarity: 0.7526 >= 0.50)
https://openalex.org/W4367554372,Epoch in a neural network for brain stroke,REJECTED,"The abstract contains significant non-English phrasing (e.g., 'lousy', 'severance of flexible pathways', 'number of strokes with a value of 0 4733'), indicating it is not primarily English, though the semantic content of the abstract aligns with the title regarding neural networks and brain stroke detection.",APPROVED,FastText passed English detection. | Passed vector verification (similarity: 0.6421 >= 0.50)
https://openalex.org/W4377140140,Optimization of the YOLOv7 Object Detection Algorithm for Estimating the Amount of Apple Harvest,REJECTED,"The abstract contains significant grammatical errors and non-native phrasing (e.g., 'increasing population consumed', 'hand fruit', 'gratitude'), indicating it is not primarily written in English, although the semantic content of the abstract aligns with the title.",APPROVED,FastText passed English detection. | Passed vector verification (similarity: 0.6980 >= 0.50)
https://openalex.org/W4387856298,MODIFIKASI HILL CIPHER DENGAN MENGGUNAKAN MATRIKS KUNCI ORTHOGONAL DAN TRANSPOSITION SUBSTITUTION LEFT RIGHT SHIFT (TSLRS),REJECTED,"The title contains significant Indonesian words ('MODIFIKASI', 'MENGGUNAKAN', 'DENGAN', 'TRANSPOSITION', 'SUBSTITUTION', 'LEFT', 'RIGHT', 'SHIFT') and the abstract includes Indonesian phrases ('In this study', 'This research was conducted', 'The results obtained are'), indicating the primary language is not English. However, the abstract semantically matches the title as it details the modification of the Hill Cipher using orthogonal matrices and TSLR.",APPROVED,FastText passed English detection. | Passed vector verification (similarity: 0.5430 >= 0.50)
https://openalex.org/W4388737886,KLASIFIKASI KESEHATAN PADA TANAMAN PADI MENGGUNAKAN CITRA UNMANED AERIAL VEHICLE (UAV) DENGAN METODE CONVOLUTIONAL NEURAL NETWORKS (CNN),REJECTED,"The title is in Indonesian while the abstract is in English, failing the language consistency check.",APPROVED,FastText passed English detection. | Passed vector verification (similarity: 0.7073 >= 0.50)
https://openalex.org/W4392417808,Enkripsi Nilai Piksel Pada Citra Digital Dengan Algoritma Piecewise Linear Chaotic Map,REJECTED,"The title is in Indonesian, failing the language check, but the abstract accurately describes the title's topic, passing the matching check.",APPROVED,FastText passed English detection. | Passed vector verification (similarity: 0.6702 >= 0.50)
https://openalex.org/W769541276,KOMBINASI ALGORITMA JARINGAN SYARAF TIRUAN LEARNING VECTOR QUANTIZATION (LVQ) DAN SELF ORGANIZING KOHONEN PADA KECEPATAN PENGENALAN POLA TANDA TANGAN,REJECTED,"The title contains significant Indonesian words (e.g., 'KOMBINASI', 'JARINGAN SYARAF TIRUAN', 'KECEPATAN PENGENALAN'), failing the English language check. However, the abstract is written in English and semantically matches the title's topic regarding LVQ and Kohonen algorithms for signature recognition.",APPROVED,FastText passed English detection. | Passed vector verification (similarity: 0.5490 >= 0.50)
https://openalex.org/W1528443962,PENENTUAN HARGA KONTRAK OPSI TIPE ASIA MENGGUNAKAN MODEL SIMULASI NORMAL INVERSE GAUSSIAN (NIG),REJECTED,"The title contains significant Indonesian words ('PENENTUAN', 'HARGA', 'KONTRAK', 'TIPE', 'MENGGUNAKAN') and is not primarily in English, although the abstract is in English and semantically matches the title.",APPROVED,FastText passed English detection. | Passed vector verification (similarity: 0.5454 >= 0.50)
https://openalex.org/W2593046719,STEGANOGRAFI DENGAN METODE LSB (LEAST SIGNIFICANT BIT) DAN METODE MMB (MULTIPICATION-BASED BLOCK CIPHER) UNTUK PENGAMANAN DATA BERBENTUK TEKS,REJECTED,"The title contains significant Indonesian words ('STEGANOGRASI', 'DENGAN', 'UNTUK', 'BERBENTUK'), failing the language check. However, the abstract discusses the same cryptographic and steganographic methods mentioned in the title, so they are semantically matching.",APPROVED,FastText passed English detection. | Passed vector verification (similarity: 0.6428 >= 0.50)
https://openalex.org/W2749271116,Penelitian Mengenai Metode Steganografi Least Significant Bit,REJECTED,"The title is in Indonesian, failing the language check, but the abstract content semantically matches the title's subject matter.",APPROVED,FastText passed English detection. | Passed vector verification (similarity: 0.6247 >= 0.50)
https://openalex.org/W2802342151,PEMBENTUKAN FUNGSI PENGARUH METEOROLOGI PADA PERSAMAAN GAUSS MENGGUNAKAAN SOFTWARE R,REJECTED,"The title is in Indonesian, failing the language check, but the abstract accurately describes the title's subject matter regarding meteorological functions in the Gaussian equation using R software.",APPROVED,FastText passed English detection. | Passed vector verification (similarity: 0.5819 >= 0.50)
https://openalex.org/W2810455429,Rancang Bangun Alat Pengujian Focus Film Distance (FFD),REJECTED,"The title contains Indonesian words ('Rancang Bangun', 'Alat', 'Pengujian') and the abstract is written in Indonesian, failing the language check. However, the abstract accurately describes the design and testing of an FFD measurement tool as stated in the title, so they are semantically matching.",APPROVED,FastText passed English detection. | Passed vector verification (similarity: 0.6166 >= 0.50)
https://openalex.org/W2893745246,Pengantar dan Survey Tentang Optical Music Recognition,REJECTED,"The title is in Indonesian ('Pengantar dan Survey Tentang...'), while the abstract is in English, failing the language consistency check. However, the abstract accurately describes the topic of the title (Optical Music Recognition).",APPROVED,FastText passed English detection. | Passed vector verification (similarity: 0.6133 >= 0.50)
https://openalex.org/W2932339668,Sistem Keamanan Data Text Dengan Data Encryption Standard (DES) Dan Metode Least Significant Bit (LSB),REJECTED,"The title is in Indonesian, failing the language check. However, the abstract discusses data security, DES, and LSB steganography, which semantically matches the title.",APPROVED,FastText passed English detection. | Passed vector verification (similarity: 0.6479 >= 0.50)
https://openalex.org/W2937092443,RANCANG BANGUN APLIKASI STEGANOGRAPHY METODE MINIMUM ERROR LEAST SIGNIFICANT BIT REPLACEMENT (MELSBR),REJECTED,"The title contains significant Indonesian words ('RANCANG BANGUN' meaning 'Design and Build'), failing the English language check. However, the abstract semantically matches the title by describing the design of a steganography application using the MELSBR method.",APPROVED,FastText passed English detection. | Passed vector verification (similarity: 0.6998 >= 0.50)
https://openalex.org/W2946176653,PENERAPAN GRABBER PADA OPTICAL FLOW UNTUK MENGGERAKKAN CURSOR MOUSE MENGGUNAKAN BOLPOIN,REJECTED,"The title is in Indonesian, failing the language check. However, the abstract accurately describes the title's topic (using a grabber and optical flow to move a mouse cursor with a pen), so they are semantically matching.",APPROVED,FastText passed English detection. | Passed vector verification (similarity: 0.6300 >= 0.50)
https://openalex.org/W2963313795,Combination of Blowfish Algorithm First of File Algorithm and End of File Algorithm on Image Security,REJECTED,"The abstract is written in Indonesian, not English, although the title and abstract are semantically consistent.",APPROVED,FastText passed English detection. | Passed vector verification (similarity: 0.7012 >= 0.50)
https://openalex.org/W2979720575,PENGENAL WAJAH REAL TIME BERBIAYA RENDAH MENGGUNAKAN FPGA DIGILENT PYNQ-Z1 DENGAN METODE PCA,REJECTED,"The title is in Indonesian, failing the language check, but the abstract accurately describes the low-cost real-time face recognition system using FPGA and PCA mentioned in the title.",APPROVED,FastText passed English detection. | Passed vector verification (similarity: 0.5640 >= 0.50)
https://openalex.org/W2980991365,Desease Identification In Plant Leaf Image of Chili (Capsicum Annum (L)) Using Image Processing and Automated Colour Equalization (ACE) Algorithm,REJECTED,"The text contains significant non-English words and grammatical errors (e.g., 'Desease', 'ekstraksi', 'really - maximal', 'scariest specter'), indicating it is not primarily written in standard English, although the semantic content of the title and abstract aligns.",APPROVED,FastText passed English detection. | Passed vector verification (similarity: 0.5808 >= 0.50)
https://openalex.org/W2982016602,PERBANDINGAN PLAYFAIR CIPHER DENGAN 3D PLAYFAIR CIPHER PADA PENGAMANAN CITRA,REJECTED,"The title is in Indonesian, failing the language check, but the abstract accurately describes the research on Playfair and 3D Playfair ciphers mentioned in the title, satisfying the matching check.",APPROVED,FastText passed English detection. | Passed vector verification (similarity: 0.6793 >= 0.50)
https://openalex.org/W2983902946,KLASIFIKASI TIPE SEL NORMAL/ABNORMAL BERDASARKAN CITRA PAP-SMEAR MENGGUNAKAN CONVOLUTIONAL NEURAL NETWORK,REJECTED,"The title is in Indonesian, while the abstract is in English, failing the language consistency check. However, the semantic content of the abstract accurately reflects the title regarding CNN-based classification of pap-smear images.",APPROVED,FastText passed English detection. | Passed vector verification (similarity: 0.5041 >= 0.50)
https://openalex.org/W2986185662,"The Effect of Leachate Waters on the Quality of Free Groundwater in Air Dingin Landfill, Padang City",REJECTED,"The text is written in Indonesian (e.g., 'The purpose of this study is 1) to know the condition...'), failing the language check, but the abstract semantically matches the title regarding groundwater quality in the Air Dingin landfill.",APPROVED,FastText passed English detection. | Passed vector verification (similarity: 0.7116 >= 0.50)
https://openalex.org/W3019115864,THINNING STENTIFORD ALGORITHM FOR KINTAMANI INSCRIPTION IMAGE SEGMENTATION,REJECTED,"The abstract is written in Indonesian (e.g., 'In the copper, inscription contained writing strokes', 'One way to preserve it is to carry out the process'), failing the language check. However, the abstract semantically matches the title as it discusses applying the Thinning Stentiford algorithm to segment Kintamani copper inscriptions.",APPROVED,FastText passed English detection. | Passed vector verification (similarity: 0.7557 >= 0.50)
https://openalex.org/W3095582213,REKONTRUKSI MODEL 3D DARI BANYAK GAMBAR MENGGUNAKAN ALGORITMA STRUCTURE FROM MOTION (SFM) DAN MULTI VIEW STEREO (MVS) BERBASIS COMPUTER VISION,REJECTED,"The title is written in Indonesian, failing the language check, although the abstract is in English and semantically matches the title.",APPROVED,FastText passed English detection. | Passed vector verification (similarity: 0.6642 >= 0.50)
https://openalex.org/W3108265739,PENGARUH PENEMPATAN ISOCENTER TERHADAP KUALITAS CITRA DAN INFORMASI CITRA ANATOMI MRI BRAIN T1 FAST SPIN ECHO POTONGAN SAGITAL DI NASION DAN GLABELLA,REJECTED,"The title is written in Indonesian, failing the language check. However, the abstract content semantically matches the title, discussing the effect of isocenter placement on MRI brain image quality.",APPROVED,FastText passed English detection. | Passed vector verification (similarity: 0.7707 >= 0.50)
https://openalex.org/W3111482752,RANCANG BANGUN APLIKASI KRIPTOGRAFI PENGAMANAN TRANSMISI DATA MULTIMEDIA MENGGUNAKAN ALGORITMA DATA ENCRYPTION STANDARD (DES),REJECTED,"The title is in Indonesian, failing the language check, but the abstract is in English and semantically matches the title's content regarding DES encryption for multimedia data.",APPROVED,FastText passed English detection. | Passed vector verification (similarity: 0.7708 >= 0.50)
https://openalex.org/W3114577753,Optimasi Learning Rate Neural Network Backpropagation Dengan Search Direction Conjugate Gradient Pada Electrocardiogram,REJECTED,"The title contains significant non-English words ('Optimasi', 'Dengan', 'Pada'), failing the language check. However, the abstract accurately describes the title's subject matter regarding neural network optimization using conjugate gradient methods on ECG data, so the semantic match is true.",APPROVED,FastText passed English detection. | Passed vector verification (similarity: 0.6239 >= 0.50)
https://openalex.org/W3128290540,PENGAMANAN PESAN MENGGUNAKAN TEKNIK STEGANOGRAFI DENGAN ALGORITMA LEAST SIGNIFICANT BIT (LSB),REJECTED,"The title and abstract are written in Indonesian, not English. However, the abstract semantically matches the title as it discusses steganography and the LSB algorithm.",APPROVED,FastText passed English detection. | Passed vector verification (similarity: 0.6405 >= 0.50)
https://openalex.org/W3158974017,Analysis Of Water Balance Aspect On The Results Of Geo-electric Interpretation With Schlumberger Configuration,REJECTED,"The text contains significant Indonesian phrases (e.g., 'per tahun', 'GL 1 point', 'carry out the infiltration process') and grammatical structures inconsistent with standard English, failing the language check. However, the abstract's content directly addresses the title's subject matter regarding water balance, geo-electric interpretation, and Schlumberger configuration, satisfying the semantic matching check.",APPROVED,FastText passed English detection. | Passed vector verification (similarity: 0.5848 >= 0.50)
https://openalex.org/W3161938587,PERANCANGAN PROGRAM PENGENALAN ISYARAT TANGAN DENGAN METODE CONVOLUTIONAL NEURAL NETWORK (CNN),REJECTED,"The title contains significant Indonesian words ('PERANCANGAN', 'PENGENALAN', 'ISYARAT', 'TANGAN') indicating the primary language is not English, although the abstract is written in English. The abstract content semantically matches the title as it describes the design of a sign language recognition program using CNN.",APPROVED,FastText passed English detection. | Passed vector verification (similarity: 0.6047 >= 0.50)
https://openalex.org/W3171768781,Analisis Perbandingan Performa Codec H.264 &amp; H.265 Video Streaming Dari Segi Quality of Service,REJECTED,"The title is in Indonesian, failing the language check, but the abstract accurately reflects the title's content regarding a comparison of H.264 and H.265 codecs.",APPROVED,FastText passed English detection. | Passed vector verification (similarity: 0.7588 >= 0.50)
https://openalex.org/W3187526029,Minutea Object Extraction in Fingerprint Image Using Morphological Methods and Gabor Filters (Ekstraksi Objek Minutea Pada Citra Sidik Jari Dengan Metode Morfologi dan Gabor Filter),REJECTED,"The title contains significant Indonesian text ('Ekstraksi Objek Minutea Pada Citra Sidik Jari...'), failing the English language requirement. However, the abstract accurately describes the methods and results mentioned in the title, satisfying the semantic matching requirement.",APPROVED,FastText passed English detection. | Passed vector verification (similarity: 0.7752 >= 0.50)
https://openalex.org/W3193314297,WATERMARKING PADA CITRA DIGITAL MENGGUNAKAN KOMBINASI PIXEL VALUE INDICATOR DAN METODE MOST SIGNIFICANT BIT,REJECTED,"The title contains significant Indonesian words ('PADA', 'MENGGUNAKAN', 'CITRA', 'DIGITAL') and is not primarily English, although the abstract is written in English and semantically matches the title.",APPROVED,FastText passed English detection. | Passed vector verification (similarity: 0.6433 >= 0.50)
https://openalex.org/W3195856316,OPTIMASI KETAHANAN WATERMARKING AUDIO DIGITAL MENGGUNAKAN ALGORITMA RSA DAN MSB,REJECTED,"The title contains significant Indonesian words ('OPTIMASI', 'KETAHANAN', 'MENGGUNAKAN') and is not primarily in English, although the abstract is written in English and semantically matches the title.",APPROVED,FastText passed English detection. | Passed vector verification (similarity: 0.7676 >= 0.50)
https://openalex.org/W3200867506,Steganography Technique and Modification of Substitution Cipher Using ASCII Code and Fibonacci Sequences,REJECTED,"The text is written in Indonesian (e.g., 'so that it is not easily misused' is a translation artifact, but phrases like 'parties who are not interested' and the overall structure indicate non-native English, specifically Indonesian academic writing), failing the language check. However, the abstract content directly elaborates on the title's subject matter regarding steganography and cipher modifications, so they match semantically.",APPROVED,FastText passed English detection. | Passed vector verification (similarity: 0.6845 >= 0.50)
https://openalex.org/W3205646840,KOMBINASI CAESAR CIPHER DAN REVERSE CIPHER BERDASARKAN CIPHER BLOCK CHAINING,REJECTED,"The title contains significant Indonesian words ('KOMBINASI', 'BERDASARKAN') and is not primarily English, though the abstract is in English and semantically matches the title.",APPROVED,FastText passed English detection. | Passed vector verification (similarity: 0.5158 >= 0.50)
https://openalex.org/W3207713468,APLIKASI PENAMPIL WARNA PELITUR PRODUK FURNITURE DENGAN AUGMENTED REALITY DI TOKO UD. CIPTA KARYA DENGAN ALGORITMA FAST CORNER DETECTION,REJECTED,"The title contains significant Indonesian words ('APLIKASI', 'PENAMPIL', 'WARNA', 'PELITUR', 'PRODUK', 'FURNITURE', 'DENGAN', 'DI', 'TOKO', 'UD.', 'CIPTA', 'KARYA') and is not primarily English, although the abstract is in English and semantically matches the title.",APPROVED,FastText passed English detection. | Passed vector verification (similarity: 0.7788 >= 0.50)
https://openalex.org/W3208649947,Penentuan Peak Kilovoltage (kVp) Pesawat Sinar-X Dengan Pemanfaatan Imaging Plate (IP) Di RSUD Dr. Moewardi,REJECTED,"The title contains Indonesian words ('Penentuan', 'Pesawat', 'Sinar-X', 'Di', 'RSUD') and the abstract is written in Indonesian, failing the language check. However, the abstract accurately describes the study mentioned in the title, so they match semantically.",APPROVED,FastText passed English detection. | Passed vector verification (similarity: 0.5256 >= 0.50)
https://openalex.org/W3214236767,"Analysis Of Relationship Between Volume, Speed and Density Based On Greenshield and Greenberg Models A Case Study Of Zainal Abidin Pagar Alam and Imam Bonjol Bandar Lampung.",REJECTED,"The text is written in Indonesian (e.g., 'Jalan', 'cur / hour', 'km / hour'), failing the language check, but the abstract semantically matches the title regarding traffic flow analysis using Greenshield and Greenberg models.",APPROVED,FastText passed English detection. | Passed vector verification (similarity: 0.6775 >= 0.50)
https://openalex.org/W3215997659,Detection System of Drowsiness for Car Driver Using Image Processing Completed with Multi Level Safety,REJECTED,"The abstract is written in Indonesian (e.g., 'Car Driver', 'rider', 'buzzer sound'), failing the language check, but the content semantically matches the title regarding a drowsiness detection system.",APPROVED,FastText passed English detection. | Passed vector verification (similarity: 0.6609 >= 0.50)
https://openalex.org/W3216202436,DESIGN AND BUILD A PROTOTYPE UNMANNED CAR BASED ON ROAD MARKINGS WITH THE LINE DETECTION METHOD,REJECTED,"The title is in English, but the abstract is written in Indonesian (e.g., 'Safety is a necessity in any case, as is driving' is a direct translation of 'Keamanan adalah suatu keharusan dalam setiap kasus, sama seperti mengemudi'), failing the language consistency check. However, the abstract content semantically matches the title regarding the prototype unmanned car and line detection method.",APPROVED,FastText passed English detection. | Passed vector verification (similarity: 0.6423 >= 0.50)
https://openalex.org/W4205711312,INTEGRASI NETWORK MONITORING SYSTEM BEBRBASIS NAGIOS DENGAN TICKETING SYSTEM BERBASIS OS TICKET,REJECTED,"The text is in Indonesian, not English. The abstract is an exact duplicate of the title, so they are semantically matching.",APPROVED,FastText passed English detection. | Passed vector verification (similarity: 1.0000 >= 0.50)
https://openalex.org/W4213271008,Image Processing Application for Lipa Saqbe Mandar,REJECTED,"The text contains significant non-English words (e.g., 'Lipa Saqbe Mandar', 'Saqbe') and sentence structures typical of Indonesian, failing the language check. However, the abstract semantically matches the title by describing an image processing application for recognizing Lipa Saqbe Mandar patterns.",APPROVED,FastText passed English detection. | Passed vector verification (similarity: 0.6614 >= 0.50)
https://openalex.org/W4220943079,THE EFFECT OF EXPOSURE FACTORS ON RADIOGRAPHIC IMAGE QUALITY ON THORAX PHANTOM WITH PA PROJECTION,REJECTED,"The abstract contains significant non-English text (e.g., 'photo', 'mains voltage', 'tube current', 'time', 's', 'kV', 'mA', 's', 'mAs', 'phantom objects') and grammatical structures inconsistent with standard English, failing the language check. However, the semantic content of the abstract directly addresses the title regarding exposure factors and thorax phantom radiography, so it passes the matching check.",APPROVED,FastText passed English detection. | Passed vector verification (similarity: 0.7211 >= 0.50)
https://openalex.org/W4242061435,DESIGN OF ARTIFICIAL NEURAL NETWORK SOFTWARE FOR PREDICTING THE HEALTH GRADE IN A TELEPHONE EXCHANGE,REJECTED,"The abstract contains non-English text (Indonesian keywords at the end), failing the language check, but the semantic content of the abstract aligns with the title regarding ANN software for predicting telephone exchange health.",APPROVED,FastText passed English detection. | Passed vector verification (similarity: 0.8375 >= 0.50)
https://openalex.org/W4283210359,"Characteristics of Primary Glaucoma in Glaucoma Clinic of Dr. Mohammad Hoesin General Hospital, Palembang",REJECTED,LLM json parse error: Unterminated string starting at: line 4 column 13 (char 60),APPROVED,FastText passed English detection. | Passed vector verification (similarity: 0.7989 >= 0.50)
https://openalex.org/W4283769709,ANALISIS KARAKTERISTIK SEGMEN PADA CITRA MAMOGRAFI DENGAN MENGGUNAKAN METODE SEGMENTASI WATERSHED,REJECTED,"The title is in Indonesian, failing the language check, but the abstract content semantically matches the title regarding mammogram segmentation using the watershed method.",APPROVED,FastText passed English detection. | Passed vector verification (similarity: 0.5403 >= 0.50)
https://openalex.org/W4289767542,Cryptgrapy Algorithm Variably Modified Permutation Compotition (VMPC) on Image Security,REJECTED,"The text contains significant grammatical errors and non-native phrasing (e.g., 'Cryptgrapy', 'Compotition', 'is carried out'), indicating it is not primarily written in English. However, the abstract semantically matches the title by discussing the VMPC algorithm and image security.",APPROVED,FastText passed English detection. | Passed vector verification (similarity: 0.6632 >= 0.50)
https://openalex.org/W4312936085,Implementation of Artificial Neural Networks with Learning Vector Quantization (LVQ) Algorithm for Detecting Fingerprint Characteristics,REJECTED,"The text contains significant grammatical errors and non-standard phrasing (e.g., 'Quanzition' instead of 'Quantization', 'futures' instead of 'future', 'So with this application can determine') indicating it is written in Indonesian or a similar language, not English. However, the abstract semantically matches the title regarding the implementation of LVQ for fingerprint detection.",APPROVED,FastText passed English detection. | Passed vector verification (similarity: 0.8386 >= 0.50)
https://openalex.org/W4313402428,Implementation Of Image Security On Electronic Wedding Card Using Secure Image Protection Algorithm,REJECTED,"The text is primarily written in Indonesian (e.g., 'The marriage book is an official document...', 'NIK', 'KUA'), failing the language check, although the title and abstract are semantically consistent.",APPROVED,FastText passed English detection. | Passed vector verification (similarity: 0.7505 >= 0.50)
https://openalex.org/W4313402476,MSB Steganography Text Message Insertion Technique On Imagery With Otp And RSA Algorithms,REJECTED,"The text is written in Indonesian (e.g., 'mudah dimanipulasi', 'upaya yang dapat dilakukan'), failing the language check, but the abstract semantically matches the title regarding MSB steganography, OTP, and RSA algorithms.",APPROVED,FastText passed English detection. | Passed vector verification (similarity: 0.7830 >= 0.50)
https://openalex.org/W4320921646,Pemanfaatan Algoritma Hebb Rule Mendiagnosis Kerusakan Elektroda Pada Proses Welding Frame Thermostat,REJECTED,"The title is in Indonesian, failing the language check. However, the abstract discusses the same topic (Hebb Rule algorithm for diagnosing welding electrode damage), so the semantic content matches.",APPROVED,FastText passed English detection. | Passed vector verification (similarity: 0.5452 >= 0.50)
https://openalex.org/W4368251047,Penerapan Optical Character Recognition Proses Registrasi Pasien Tes Covid-19 Berbasis Web,REJECTED,"The title and abstract are written in Indonesian, failing the language check. However, the abstract accurately describes the problem of manual data entry in Covid-19 registration and the proposed solution using OCR, matching the title semantically.",APPROVED,FastText passed English detection. | Passed vector verification (similarity: 0.5305 >= 0.50)
https://openalex.org/W4377942896,Aplikasi Steganography Pdf To Image Dengan Metode Spread Spectrum,REJECTED,"The title contains Indonesian words ('Aplikasi', 'Dengan'), making the primary language not English. The abstract, while containing some English, is a translation of the title and describes the same steganography application, so they are semantically matching.",APPROVED,FastText passed English detection. | Passed vector verification (similarity: 0.5790 >= 0.50)
https://openalex.org/W4383722611,WORKSHOP MACHINE LEARNING KLASIFIKASI TUMOR OTAK PADA CITRA MRI MENGGUNAKAN CONVOLUTIONAL NEURAL NETWORK DAN SUPPORT VECTOR MACHINE,REJECTED,"The title contains significant Indonesian words ('WORKSHOP', 'KLASIFIKASI', 'TUMOR', 'OTAK', 'PADA', 'MENGGUNAKAN') and is not primarily English, although the abstract is written in English and semantically matches the title.",APPROVED,FastText passed English detection. | Passed vector verification (similarity: 0.5367 >= 0.50)
https://openalex.org/W4386253196,Implementation of Face Mask Detection Using Phyton Programming Language,REJECTED,"The abstract is written in Indonesian, not English, although it semantically matches the title.",APPROVED,FastText passed English detection. | Passed vector verification (similarity: 0.6193 >= 0.50)
https://openalex.org/W4386974556,STEGANOGRAPHY CAPACITY ANALYSIS OF TEXT IN TEXT WITH SENTENCE STRUCTURE IN INDONESIAN,REJECTED,"The title and abstract are written in Indonesian, not English, so is_english is false. However, the abstract directly discusses the steganography capacity analysis mentioned in the title, so they are semantically matching.",APPROVED,FastText passed English detection. | Passed vector verification (similarity: 0.7256 >= 0.50)
https://openalex.org/W4387337944,Application Method Certainty Factor in Electrical Damage,REJECTED,"The text contains significant grammatical errors and non-standard phrasing (e.g., 'need main For life people human', 'trellis with electricity'), indicating it is not written in proper English, although the semantic content of the abstract matches the title regarding electrical damage and expert systems.",APPROVED,FastText passed English detection. | Passed vector verification (similarity: 0.5828 >= 0.50)
https://openalex.org/W4387767358,KLASIFIKASI JENIS TUMOR OTAK BERDASARKAN CITRA GLIOMA MENGGUNAKAN METODE SUPPORT VECTOR MACHINE,REJECTED,"The title is in Indonesian, failing the language check, but the abstract accurately describes the SVM-based brain tumor classification mentioned in the title, satisfying the matching check.",APPROVED,FastText passed English detection. | Passed vector verification (similarity: 0.6825 >= 0.50)
https://openalex.org/W4388784216,Template Matching Algorithm Implementation For Introduction To Indonesian Traditional House,REJECTED,"The abstract is written in Indonesian, not English, although the title and abstract are semantically consistent.",APPROVED,FastText passed English detection. | Passed vector verification (similarity: 0.6613 >= 0.50)
https://openalex.org/W4391444037,PENERAPAN ALGORITMA CNN MENGGUNAKAN FRAMEWORK YOLO UNTUK DETEKSI OBJEK PRODUK DI PERUSAHAAN MANUFAKTUR,REJECTED,"The title is in Indonesian, failing the language check. However, the abstract accurately describes the research on CNN and YOLO for object detection in manufacturing, matching the title semantically.",APPROVED,FastText passed English detection. | Passed vector verification (similarity: 0.5013 >= 0.50)
https://openalex.org/W4391757759,Analysis of Main Road Stability Due to The Effect of River Water Level Fluctuations and Rainfall (Case Study: Trengguli - Kudus Road Section),REJECTED,LLM json parse error: Unterminated string starting at: line 4 column 13 (char 60),APPROVED,FastText passed English detection. | Passed vector verification (similarity: 0.7511 >= 0.50)
https://openalex.org/W4393168935,WEBSITE PEMBELAJARAN ALGORITMA DENGAN VISUALISASI: KASUS JALUR LABIRIN DENGAN ALGORITMA PATHFINDING,REJECTED,"The title contains significant Indonesian words ('PEMBELAJARAN', 'KASUS', 'JALUR', 'LABIRIN') and is not primarily in English, although the abstract is in English and semantically matches the title.",APPROVED,FastText passed English detection. | Passed vector verification (similarity: 0.5736 >= 0.50)
https://openalex.org/W4393390739,Prototype Fingerprint &amp; Facial Attendance System Berbasis Raspberry Pi Dengan Metode Support Vector Machine,REJECTED,"The title contains significant Indonesian words ('Berbasis', 'Dengan', 'Metode') and the abstract is written in Indonesian, failing the language check. However, the abstract accurately describes the fingerprint and facial attendance system using Raspberry Pi and SVM mentioned in the title, so they are semantically matching.",APPROVED,FastText passed English detection. | Passed vector verification (similarity: 0.7479 >= 0.50)
https://openalex.org/W4393868814,ANALISIS BIBLIOMETRIK TERHADAP FACE AND VOICE RECOGNITION,REJECTED,"The title contains Indonesian words ('ANALISIS', 'TERHADAP') and the abstract is written in English, failing the language consistency check. However, the abstract's content (bibliometric analysis of face and voice recognition) semantically matches the title.",APPROVED,FastText passed English detection. | Passed vector verification (similarity: 0.5625 >= 0.50)
https://openalex.org/W4393945408,Police Image Restoration: A Case Study of the Stampede (Crowd Crisis) at Kanjuruhan Malang,REJECTED,"The text is written in Indonesian, not English, although the title and abstract are semantically consistent.",APPROVED,FastText passed English detection. | Passed vector verification (similarity: 0.7532 >= 0.50)
https://openalex.org/W4397293054,TEKNOLOGI PENDETEKSI SUHU PADA BAN KENDARAAN BERBASIS SENSOR INFRARED PYROMETER UNTUK MENGURANGI RISIKO KECELAKAAN AKIBAT PECAH BAN,REJECTED,"The title is in Indonesian, failing the language check. However, the abstract discusses tire temperature detection and safety, which semantically matches the title's subject matter.",APPROVED,FastText passed English detection. | Passed vector verification (similarity: 0.5562 >= 0.50)
https://openalex.org/W4398149093,Analisa Forensik Kontainer Podman Terhadap Backdoor Metasploit Menggunakan Checkpointctl,REJECTED,"The title contains Indonesian words ('Analisa', 'Forensik', 'Terhadap', 'Menggunakan') making the primary language not English, while the abstract is in English. However, the abstract's content directly addresses the title's subject matter regarding Podman container forensics and Metasploit backdoors, indicating a semantic match.",APPROVED,FastText passed English detection. | Passed vector verification (similarity: 0.5316 >= 0.50)
https://openalex.org/W4400211615,HIDDEN MARKOV MODEL DAN APLIKASINYA,REJECTED,"The title is in Indonesian ('DAN APLIKASINYA'), failing the language check. However, the abstract accurately describes the Hidden Markov Model and its application as indicated in the title, so the semantic content matches.",APPROVED,FastText passed English detection. | Passed vector verification (similarity: 0.5496 >= 0.50)
https://openalex.org/W4404699053,Implementasi Algoritma Rivest Shamir Adleman atas Ring Dedekind,REJECTED,"The title is in Indonesian, failing the language check. However, the abstract accurately describes the implementation of the RSA algorithm over Dedekind rings as stated in the title, so they are semantically matching.",APPROVED,FastText passed English detection. | Passed vector verification (similarity: 0.6554 >= 0.50)
https://openalex.org/W4405416411,ANALISIS PENYELESAIAN UTANG PIUTANG PADA LAYANAN FINTECH LENDING MELALUI KEPAILITAN &amp; PKPU,REJECTED,"The title is in Indonesian, while the abstract is in English, failing the language consistency check. However, the abstract's content accurately reflects the title's subject matter regarding debt settlement in Fintech Lending via Bankruptcy and PKPU.",APPROVED,FastText passed English detection. | Passed vector verification (similarity: 0.5795 >= 0.50)
https://openalex.org/W4405679026,ESTIMASI TEGANGAN OPEN CIRCUIT DAN RESISTANSI INTERNAL BATERAI MENGGUNAKAN ALGORITMA RECURSIVE LEAST SQUARES,REJECTED,"The title is in Indonesian, failing the language check, but the abstract accurately reflects the title's content regarding RLS algorithm estimation for battery parameters.",APPROVED,FastText passed English detection. | Passed vector verification (similarity: 0.5276 >= 0.50)
https://openalex.org/W4405980421,Pengembangan Instrumen Sound Wave Two Tier (Sowatt) Diagnostic Test: Analisis Rasch Model,REJECTED,"The title is in Indonesian, while the abstract is in English, failing the language consistency check. However, the abstract accurately describes the study mentioned in the title.",APPROVED,FastText passed English detection. | Passed vector verification (similarity: 0.6180 >= 0.50)
https://openalex.org/W4406002483,PENERAPAN ALGORITMA HILL CIPHER DAN PERMUTASI PADA SISTEM KRIPTOGRAFI POLYALPHABETIC,REJECTED,"The title is in Indonesian, failing the language check, but the abstract accurately describes the title's subject matter regarding Hill Cipher and permutation algorithms.",APPROVED,FastText passed English detection. | Passed vector verification (similarity: 0.5757 >= 0.50)
https://openalex.org/W4406433285,BACKEND API DATA PROTECTION MENGGUNAKAN JWT TOKEN DAN ALGORITMA AES 256-BIT DENGAN BAHASA PEMROGRAMAN GOLANG,REJECTED,"The title contains significant non-English words ('MENGGUNAKAN', 'DENGAN', 'BAHASA', 'PEMROGRAMAN', 'GOLANG'), failing the language check, while the abstract accurately reflects the title's content.",APPROVED,FastText passed English detection. | Passed vector verification (similarity: 0.6952 >= 0.50)
https://openalex.org/W4407112337,PENERAPAN ALGORITMA k-PROTOTYPE UNTUK PENGELOMPOKAN DESA DI KABUPATEN BEKASI BERDASARKAN INFRASTRUKTUR DIGITAL,REJECTED,"The title is in Indonesian, failing the language check. However, the abstract is in English and semantically matches the title's content regarding k-prototype clustering for village grouping in Bekasi.",APPROVED,FastText passed English detection. | Passed vector verification (similarity: 0.5018 >= 0.50)
https://openalex.org/W4407343379,PENERAPAN METODE FORWARD CHAINING PADA SISTEM PAKAR UNTUK MENGATASI REJECT PAINTING SPARE PART OTOMOTIF DI PT ASTRA OTOPARTS TBK,REJECTED,"The title contains significant Indonesian words (PENERAPAN, PADA, UNTUK, MENGATASI, DI, TBK), making the text not primarily English, although the abstract is in English and semantically matches the title.",APPROVED,FastText passed English detection. | Passed vector verification (similarity: 0.6166 >= 0.50)
https://openalex.org/W4408173821,ANALISIS SINEMATOGRAFI PROGRAM SITKOM KERABAT KERJA EPISODE 7 LPP TVRI SUMATERA BARAT,REJECTED,"The title is in Indonesian, failing the language check, but the abstract accurately reflects the title's subject matter regarding cinematography analysis.",APPROVED,FastText passed English detection. | Passed vector verification (similarity: 0.6259 >= 0.50)
https://openalex.org/W4408191989,ANALISIS KONTRASTIF FONOLOGI BAHASA ARAB DAN BAHASA INDONESIA: PERBANDINGAN VOKAL DAN KONSONAN,REJECTED,"The title is in Indonesian, not English. Additionally, the abstract discusses learning media innovation and vocabulary skills, which does not semantically match the title's focus on a phonological contrastive analysis of Arabic and Indonesian sounds.",APPROVED,FastText passed English detection. | Passed vector verification (similarity: 0.5015 >= 0.50)
https://openalex.org/W4408481996,Phishing Detection on Ethereum Network menggunakan Metode Machine Learning,REJECTED,"The title contains non-English words ('menggunakan'), failing the language check, but the abstract's semantic content aligns perfectly with the title's subject matter.",APPROVED,FastText passed English detection. | Passed vector verification (similarity: 0.6936 >= 0.50)
https://openalex.org/W4409461868,Analisa Trajectory Directional Drilling Pada Sumur Berarah MST-01,REJECTED,"The title is in Indonesian ('Analisa Trajectory Directional Drilling Pada Sumur Berarah MST-01'), while the abstract is in English, failing the language consistency check.",APPROVED,FastText passed English detection. | Passed vector verification (similarity: 0.7364 >= 0.50)
https://openalex.org/W4409615661,EVALUASI FITUR SCANNING DAN KINERJA TRANSMISI DATA MODUL HC-05 VERSI 2.0 DENGAN VERSI 3.0 DI LINGKUNGAN LINE OF SIGHT (LOS),REJECTED,"The title is in Indonesian, failing the language check, but the abstract accurately summarizes the title's content regarding HC-05 module performance.",APPROVED,FastText passed English detection. | Passed vector verification (similarity: 0.6573 >= 0.50)
https://openalex.org/W4409682409,TRANSFORMASI WAVELET DISKRIT UNTUK DENOISING CITRA,REJECTED,"The title contains Indonesian words ('TRANSFORMASI', 'DITRUK', 'CITRA') making the primary language not English, though the abstract is in English and semantically matches the title.",APPROVED,FastText passed English detection. | Passed vector verification (similarity: 0.6081 >= 0.50)
https://openalex.org/W4409693870,PENGARUH KEPEMIMPINAN TRANSFORMASIONAL KEPALA MADRASAH DAN BUDAYA MADRASAH TERHADAP KINERJA GURU MTs NEGERI DI KABUPATEN JENEPONTO,REJECTED,"The title is in Indonesian, failing the language check. However, the abstract accurately summarizes the title's research on transformational leadership and madrasah culture affecting teacher performance, so they match semantically.",APPROVED,FastText passed English detection. | Passed vector verification (similarity: 0.7041 >= 0.50)
https://openalex.org/W4409727469,PENETAPAN KADAR AKRILAMIDA DALAM MAKANAN KAKI LIMA KENTANG GORENG DI PASAR TRADISIONAL DELI TUA DENGAN METODE HPLC (High Performance LiquidChromatography)),REJECTED,"The title is in Indonesian, failing the language check, but the abstract accurately reflects the title's subject matter regarding acrylamide levels in french fries.",APPROVED,FastText passed English detection. | Passed vector verification (similarity: 0.5832 >= 0.50)
https://openalex.org/W4410246330,ALGORITMA HAZE DETECTION DENGAN MENGGUNAKAN HAZE INDEX PADA CITRA SPOT 6/7,REJECTED,"The title contains significant non-English words ('ALGORITMA', 'HAZE', 'DENGAN', 'MENGGUNAKAN', 'PADA', 'CITRA', 'SPOT', '6/7'), indicating the primary language is Indonesian, not English. The abstract and title are semantically consistent.",APPROVED,FastText passed English detection. | Passed vector verification (similarity: 0.7247 >= 0.50)
https://openalex.org/W4410719625,Metode Neural Network Dalam Prediksi Jumlah Penumpang Kereta Api Berbasis Web,REJECTED,"The title is in Indonesian, while the abstract is in English, failing the language consistency check. However, the abstract's content accurately reflects the title's subject matter regarding neural network-based railway passenger prediction.",APPROVED,FastText passed English detection. | Passed vector verification (similarity: 0.5085 >= 0.50)
https://openalex.org/W4410791592,Kota Baru Market Sanitation Inspection In Ternate City Health Center Working Area,REJECTED,"The text is written in Indonesian, not English, so is_english is false. However, the abstract directly elaborates on the market sanitation inspection mentioned in the title, so is_matching is true.",APPROVED,FastText passed English detection. | Passed vector verification (similarity: 0.7692 >= 0.50)
https://openalex.org/W4410909841,Prosedur Pemeriksaan CT Scan Kepala Kontras Pada Kasus Space Occupying Lesion (SOL) di Instalasi Radiologi RSUP Dr. M. Djamil Padang,REJECTED,"The title contains significant Indonesian text ('Prosedur Pemeriksaan', 'di Instalasi Radiologi'), making the language not primarily English. However, the abstract accurately describes the procedures mentioned in the title, so they are semantically matching.",APPROVED,FastText passed English detection. | Passed vector verification (similarity: 0.5919 >= 0.50)
https://openalex.org/W4411319716,Monitoring Tetesan Cairan Infus Berbasis IoT,REJECTED,"The title contains non-English words ('Tetesan', 'Cairan', 'Infus', 'Berbasis', 'IoT') indicating the primary language is Indonesian, while the abstract is in English. However, the semantic content of the abstract accurately describes the title's subject matter (IoT-based monitoring of infusion fluids).",APPROVED,FastText passed English detection. | Passed vector verification (similarity: 0.5372 >= 0.50)
https://openalex.org/W4412901835,Aplikasi Absensi Berbasis Multiplatform Dengan Penerapan Location Based Service Dan Face Recognition Menggunakan Framework Flutter,REJECTED,"The title is in Indonesian, while the abstract is in English, failing the language consistency check. However, the abstract accurately describes the multiplatform attendance application with LBS and Face Recognition mentioned in the title, so they are semantically matching.",APPROVED,FastText passed English detection. | Passed vector verification (similarity: 0.7044 >= 0.50)
https://openalex.org/W4413121258,PENGARUH KETINGGIAN DAN KECEPATAN DRONE QUADCOPTER TERHADAP AKURASI PENGUKURAN DATA CUACA BERBASIS SENSOR ANEMOMETER,REJECTED,"The title is in Indonesian, failing the language check, but the abstract accurately reflects the title's content regarding drone altitude, speed, and weather measurement accuracy.",APPROVED,FastText passed English detection. | Passed vector verification (similarity: 0.7155 >= 0.50)
https://openalex.org/W4413124747,IDENTIFIKASI DAUN KOPASANDA MENGGUNAKAN METODE JARINGAN SYARAF TIRUAN BACKPROPAGATION,REJECTED,"The title is in Indonesian, failing the language check. However, the abstract accurately describes the study mentioned in the title (identifying kopasanda leaves using Backpropagation ANN), so they are semantically matching.",APPROVED,FastText passed English detection. | Passed vector verification (similarity: 0.5209 >= 0.50)
https://openalex.org/W4413369278,Electrocardiogram 12 Lead in Transverse Plane Based on Computer,REJECTED,"The abstract is written in Indonesian, failing the language check, although the content semantically matches the title.",APPROVED,FastText passed English detection. | Passed vector verification (similarity: 0.6821 >= 0.50)
https://openalex.org/W4413763852,"Jurnal Ilmiah Teknik Sipil, Vol. 28 No. 2, September 2024",REJECTED,"The title contains Indonesian ('Jurnal Ilmiah Teknik Sipil'), failing the language check. Additionally, the abstract is a table of contents entry rather than a semantic summary of the paper, failing the matching check.",APPROVED,FastText passed English detection. | Passed vector verification (similarity: 0.8725 >= 0.50)
https://openalex.org/W4414003816,Sistem Pakar Diagnosa Distrofi Otot Berbasis Web Menerapkan Metode Tsukamoto,REJECTED,"The title is in Indonesian ('Sistem Pakar...'), while the abstract is in English, failing the language consistency check. However, the abstract content accurately describes the expert system for diagnosing muscular dystrophy mentioned in the title, so they are semantically matching.",APPROVED,FastText passed English detection. | Passed vector verification (similarity: 0.5169 >= 0.50)
https://openalex.org/W4414073437,PENCIPTAAN BUSANA PESTA COCKTAIL MODEL PIAS GODET HIASAN CROCHET DENGAN SUMBER IDE FILM MOULIN ROUGE,REJECTED,"The title contains significant Indonesian words ('PENCIPTAAN', 'BUSANA', 'PESTA', 'MODEL', 'PIAS', 'GODET', 'HIASAN', 'DENGAN', 'SUMBER', 'IDE', 'FILM') and is not primarily English, although the abstract is written in English and semantically matches the title.",APPROVED,FastText passed English detection. | Passed vector verification (similarity: 0.5784 >= 0.50)
https://openalex.org/W4414844966,Identifikasi Image Recognition With Image Bird Classification,REJECTED,"The title contains significant Indonesian words ('Identifikasi') and the abstract mixes English with Indonesian terms ('Identifikasi', 'Zoology' context), failing the primary English language check. However, the semantic content of the title and abstract is highly relevant, describing a bird image classification study using CNN.",APPROVED,FastText passed English detection. | Passed vector verification (similarity: 0.5544 >= 0.50)
https://openalex.org/W4415031332,Sistem Pakar Deteksi Kerusakan Laptop Dengan Metode Forward Chaining,REJECTED,"The title contains Indonesian words ('Sistem Pakar', 'Deteksi', 'Kerusakan', 'Dengan', 'Metode', 'Forward Chaining' is English but the rest is not), making the primary language not English. The abstract, while containing some English, is a translation of the title's topic and semantically matches it.",APPROVED,FastText passed English detection. | Passed vector verification (similarity: 0.5284 >= 0.50)
https://openalex.org/W4415044014,AKUNTABILITAS PENGELOLAAN ANGGARAN PENDAPATAN DAN BELANJA DESA (APBDes) DI DESA COMPANG LONI KECAMATAN RANA MESE KABUPATEN MANGGARAI TIMUR,REJECTED,"The title is in Indonesian, failing the language check, but the abstract accurately reflects the title's subject matter regarding APBDes accountability in Compang Loni Village.",APPROVED,FastText passed English detection. | Passed vector verification (similarity: 0.5980 >= 0.50)
https://openalex.org/W4415044088,ANALISIS REJECT FILM DIGITAL RADIOGRAFI DI INSTALASI RADIOLOGI RSUD SIDOARJO BARAT,REJECTED,"The title contains Indonesian words ('ANALISIS', 'REJECT', 'FILM', 'DIGITAL', 'RADIOGRAFI', 'DI', 'INSTALASI', 'RADIOLOGI', 'RSUD', 'SIDOARJO', 'BARAT'), indicating the primary language is not English, although the abstract is written in English. The title and abstract are semantically consistent.",APPROVED,FastText passed English detection. | Passed vector verification (similarity: 0.5858 >= 0.50)
https://openalex.org/W4415044090,STUDI KASUS PENGGUNAAN MAXIMUM INTENSITY PROJECTION DALAM MENINGKATKAN KUALITAS CITRA PADA PEMERIKSAAN CT UROGRAFI DENGAN KLINIS NEFROLITIASIS,REJECTED,"The title is written in Indonesian, failing the language check, although the abstract is in English and semantically matches the title.",APPROVED,FastText passed English detection. | Passed vector verification (similarity: 0.5565 >= 0.50)
